"Category","coef_Int","coef_Value"
"R",-6.03273968480935,0.145726923506597
"RBI",-5.33062680951617,0.133762907964236
"HR",-4.64402937040746,0.370353806144224
"SB",-3.38147701513391,0.648918528263916
"AVG",-15.0015474086235,55.7655954471879
"K",-4.42276424714642,0.0846367286201654
"W",-3.69863233910614,0.966487927016478
"SV",-2.58799850168651,0.752586421586278
"ERA",5.34693284804024,-1.37545535515086
"WHIP",10.4673446802636,-8.36269843561618
